{"cameraMode":{"drawMode":0,"name":"Shaded","section":"Shading Mode"},"sceneLighting":false,"audioPlay":false,"sceneViewState":{"showFog":true,"showMaterialUpdate":false,"showSkybox":false,"showFlares":true,"showImageEffects":true,"showParticleSystems":true},"in2DMode":false,"pivot":{"x":3.0999999046325685,"y":0.5,"z":1.7999999523162842},"rotation":{"x":-0.1784246861934662,"y":0.7081599831581116,"z":-0.19279809296131135,"w":-0.6553667187690735},"size":0.8660253882408142,"orthographic":false}